onset	duration	sample	value
0.1665095584	100	166.5096	100 
300.170515	100	300170.515	101 
300.668	12.099	300668	boundary
300.7448814	100	300744.8814	102 
600.7458794	100	600745.8794	103 
601.241	140.565	601241	boundary
601.3202202	100	601320.2202	104 
601.3232176	100	601323.2176	105 
601.3272208	100	601327.2208	106 
601.3282166	100	601328.2166	109 
601.3519924	1	601351.9924	DIN1
603.6322173	100	603632.2173	105 
603.8162236	100	603816.2236	106 
603.8249925	1	603824.9925	DIN1
603.8762212	100	603876.2212	109 
606.1782204	100	606178.2204	105 
606.3662198	100	606366.2198	106 
606.3749988	1	606374.9988	DIN1
606.4262175	100	606426.2175	109 
608.6282172	100	608628.2172	105 
608.8132192	100	608813.2192	106 
608.8219982	1	608821.9982	DIN1
608.8732169	100	608873.2169	109 
611.2762213	100	611276.2213	105 
611.4662223	100	611466.2223	106 
611.4749913	1	611474.9913	DIN1
611.52622	100	611526.22	109 
613.9292144	100	613929.2144	105 
614.1192154	100	614119.2154	106 
614.1279944	1	614127.9944	DIN1
614.1792231	100	614179.2231	109 
616.5822175	100	616582.2175	105 
616.7732143	100	616773.2143	106 
616.7809975	1	616780.9975	DIN1
616.833222	100	616833.222	109 
619.0342159	100	619034.2159	105 
619.2202237	100	619220.2237	106 
619.2279969	1	619227.9969	DIN1
619.2802214	100	619280.2214	109 
621.6812142	100	621681.2142	105 
621.8732168	100	621873.2168	107 
621.8819958	1	621881.9958	DIN1
621.9332144	100	621933.2144	109 
624.1352141	100	624135.2141	105 
624.3202162	100	624320.2162	107 
624.3289952	1	624328.9952	DIN1
624.3802239	100	624380.2239	109 
626.6812172	100	626681.2172	105 
626.8702224	100	626870.2224	106 
626.8779956	1	626877.9956	DIN1
626.9302201	100	626930.2201	109 
629.1322198	100	629132.2198	105 
629.3172219	100	629317.2219	106 
629.324995	1	629324.995	DIN1
629.3772195	100	629377.2195	109 
631.5792192	100	631579.2192	105 
631.7642213	100	631764.2213	106 
631.7719944	1	631771.9944	DIN1
631.8242189	100	631824.2189	109 
634.2272234	100	634227.2234	105 
634.4182201	100	634418.2201	108 
634.4259933	1	634425.9933	DIN1
634.4782178	100	634478.2178	109 
636.6792217	100	636679.2217	105 
636.8652195	100	636865.2195	106 
636.8729927	1	636872.9927	DIN1
636.9252172	100	636925.2172	109 
639.3262201	100	639326.2201	105 
639.5182226	100	639518.2226	106 
639.5259958	1	639525.9958	DIN1
639.5782203	100	639578.2203	109 
641.8802195	100	641880.2195	105 
642.0682189	100	642068.2189	106 
642.075992	1	642075.992	DIN1
642.1282165	100	642128.2165	109 
644.5302152	100	644530.2152	105 
644.721222	100	644721.222	108 
644.7289952	1	644728.9952	DIN1
644.7812196	100	644781.2196	109 
647.1832183	100	647183.2183	105 
647.374215	100	647374.215	108 
647.3819983	1	647381.9983	DIN1
647.4342228	100	647434.2228	109 
649.6362225	100	649636.2225	105 
649.8212144	100	649821.2144	106 
649.8289977	1	649828.9977	DIN1
649.8812222	100	649881.2222	109 
652.2832208	100	652283.2208	105 
652.4752234	100	652475.2234	108 
652.4829965	1	652482.9965	DIN1
652.535221	100	652535.221	109 
654.7362149	100	654736.2149	105 
654.9222228	100	654922.2228	106 
654.9290002	1	654929.0002	DIN1
654.9822204	100	654982.2204	109 
657.1842202	100	657184.2202	105 
657.3692222	100	657369.2222	106 
657.3759996	1	657375.9996	DIN1
657.4292198	100	657429.2198	109 
659.8312185	100	659831.2185	105 
660.0222152	100	660022.2152	106 
660.0289926	1	660028.9926	DIN1
660.082223	100	660082.223	109 
662.3832163	100	662383.2163	105 
662.5722215	100	662572.2215	106 
662.5799947	1	662579.9947	DIN1
662.6322192	100	662632.2192	109 
665.0342178	100	665034.2178	105 
665.2252146	100	665225.2146	107 
665.2329978	1	665232.9978	DIN1
665.2852223	100	665285.2223	109 
667.487222	100	667487.222	105 
667.672224	100	667672.224	106 
667.6799972	1	667679.9972	DIN1
667.7322217	100	667732.2217	109 
669.9342214	100	669934.2214	105 
670.1202192	100	670120.2192	106 
670.1269966	1	670126.9966	DIN1
670.1802169	100	670180.2169	109 
672.3822166	100	672382.2166	105 
672.5672186	100	672567.2186	107 
672.5749918	1	672574.9918	DIN1
672.6272163	100	672627.2163	109 
674.8282202	100	674828.2202	105 
675.014218	100	675014.218	106 
675.0209954	1	675020.9954	DIN1
675.0742157	100	675074.2157	109 
677.3762148	100	677376.2148	105 
677.5642142	100	677564.2142	107 
677.5719975	1	677571.9975	DIN1
677.624222	100	677624.222	109 
679.9262211	100	679926.2211	105 
680.1142205	100	680114.2205	106 
680.1209979	1	680120.9979	DIN1
680.1742182	100	680174.2182	109 
682.3772237	100	682377.2237	105 
682.5612199	100	682561.2199	106 
682.5679973	1	682567.9973	DIN1
682.6212176	100	682621.2176	109 
684.8232173	100	684823.2173	105 
685.0082193	100	685008.2193	106 
685.0149967	1	685014.9967	DIN1
685.068217	100	685068.217	109 
687.4712214	100	687471.2214	105 
687.6612224	100	687661.2224	107 
687.6689956	1	687668.9956	DIN1
687.7212201	100	687721.2201	109 
690.1242145	100	690124.2145	105 
690.3152213	100	690315.2213	108 
690.3219987	1	690321.9987	DIN1
690.375219	100	690375.219	109 
692.7772176	100	692777.2176	105 
692.9682144	100	692968.2144	106 
692.9749918	1	692974.9918	DIN1
693.0282221	100	693028.2221	109 
695.2302218	100	695230.2218	105 
695.4152238	100	695415.2238	106 
695.4219912	1	695421.9912	DIN1
695.4752215	100	695475.2215	109 
697.6772212	100	697677.2212	105 
697.8622232	100	697862.2232	108 
697.8690006	1	697869.0006	DIN1
697.9222209	100	697922.2209	109 
700.2232142	100	700223.2142	105 
700.4122194	100	700412.2194	106 
700.4189968	1	700418.9968	DIN1
700.4722171	100	700472.2171	109 
702.6742168	100	702674.2168	105 
702.8592189	100	702859.2189	106 
702.8659962	1	702865.9962	DIN1
702.9192165	100	702919.2165	109 
705.2222215	100	705222.2215	105 
705.4092151	100	705409.2151	106 
705.4159925	1	705415.9925	DIN1
705.4692228	100	705469.2228	109 
707.6722183	100	707672.2183	105 
707.8572203	100	707857.2203	108 
707.8629919	1	707862.9919	DIN1
707.917218	100	707917.218	109 
710.3182208	100	710318.2208	105 
710.5102234	100	710510.2234	106 
710.515995	1	710515.995	DIN1
710.5702211	100	710570.2211	109 
712.8712144	100	712871.2144	105 
713.0602196	100	713060.2196	106 
713.0659912	1	713065.9912	DIN1
713.1202173	100	713120.2173	109 
715.5222159	100	715522.2159	105 
715.7132228	100	715713.2228	107 
715.7200002	1	715720.0002	DIN1
715.7732204	100	715773.2204	109 
718.0752196	100	718075.2196	105 
718.263219	100	718263.219	106 
718.2690006	1	718269.0006	DIN1
718.3232166	100	718323.2166	109 
720.7252153	100	720725.2153	105 
720.9162221	100	720916.2221	106 
720.9229995	1	720922.9995	DIN1
720.9762198	100	720976.2198	109 
723.3782184	100	723378.2184	105 
723.570221	100	723570.221	106 
723.5759925	1	723575.9925	DIN1
723.6302186	100	723630.2186	109 
726.0312215	100	726031.2215	105 
726.2232241	100	726223.2241	106 
726.2289957	1	726228.9957	DIN1
726.2832218	100	726283.2218	109 
728.4852215	100	728485.2215	105 
728.6702235	100	728670.2235	106 
728.6759951	1	728675.9951	DIN1
728.7302212	100	728730.2212	109 
731.0322203	100	731032.2203	105 
731.2202197	100	731220.2197	106 
731.2259913	1	731225.9913	DIN1
731.2802174	100	731280.2174	109 
733.5832224	100	733583.2224	105 
733.7702159	100	733770.2159	108 
733.7759976	1	733775.9976	DIN1
733.8302237	100	733830.2237	109 
736.1322228	100	736132.2228	105 
736.3202222	100	736320.2222	107 
736.3269996	1	736326.9996	DIN1
736.3802199	100	736380.2199	109 
738.7832143	100	738783.2143	105 
738.9732153	100	738973.2153	106 
738.9789969	1	738978.9969	DIN1
739.033223	100	739033.223	109 
741.3352222	100	741335.2222	105 
741.5242173	100	741524.2173	108 
741.529999	1	741529.999	DIN1
741.584215	100	741584.215	109 
743.8862142	100	743886.2142	105 
744.0742236	100	744074.2236	106 
744.0789994	1	744078.9994	DIN1
744.1342213	100	744134.2213	109 
746.4362205	100	746436.2205	105 
746.6242198	100	746624.2198	106 
746.6289956	1	746628.9956	DIN1
746.6842175	100	746684.2175	109 
748.8852215	100	748885.2215	105 
749.0712193	100	749071.2193	107 
749.0770009	1	749077.0009	DIN1
749.1312169	100	749131.2169	109 
751.4342219	100	751434.2219	105 
751.6212155	100	751621.2155	106 
751.6269971	1	751626.9971	DIN1
751.6812232	100	751681.2232	109 
754.0832218	100	754083.2218	105 
754.2742186	100	754274.2186	106 
754.2800002	1	754280.0002	DIN1
754.3342163	100	754334.2163	109 
756.6372213	100	756637.2213	105 
756.8242148	100	756824.2148	106 
756.8299964	1	756829.9964	DIN1
756.8842225	100	756884.2225	109 
759.2862212	100	759286.2212	105 
759.4782238	100	759478.2238	107 
759.4839953	1	759483.9953	DIN1
759.5382214	100	759538.2214	109 
761.9392142	100	761939.2142	105 
762.1312168	100	762131.2168	106 
762.1359926	1	762135.9926	DIN1
762.1912145	100	762191.2145	109 
764.3932142	100	764393.2142	105 
764.5782162	100	764578.2162	108 
764.582992	1	764582.992	DIN1
764.6382239	100	764638.2239	109 
767.0402226	100	767040.2226	105 
767.2312193	100	767231.2193	106 
767.2359951	1	767235.9951	DIN1
767.291217	100	767291.217	109 
769.5932162	100	769593.2162	105 
769.7812155	100	769781.2155	106 
769.7859913	1	769785.9913	DIN1
769.8412233	100	769841.2233	109 
772.2432219	100	772243.2219	105 
772.4342187	100	772434.2187	106 
772.4389945	1	772438.9945	DIN1
772.4942163	100	772494.2163	109 
774.7972213	100	774797.2213	105 
774.9852207	100	774985.2207	106 
774.9899965	1	774989.9965	DIN1
775.0452184	100	775045.2184	109 
777.447217	100	777447.217	105 
777.6382238	100	777638.2238	107 
777.6429996	1	777642.9996	DIN1
777.6982215	100	777698.2215	109 
779.9992148	100	779999.2148	105 
780.1882201	100	780188.2201	108 
780.1929959	1	780192.9959	DIN1
780.2482177	100	780248.2177	109 
782.5502169	100	782550.2169	105 
782.7382163	100	782738.2163	106 
782.7429921	1	782742.9921	DIN1
782.798224	100	782798.224	109 
785.1002232	100	785100.2232	105 
785.2882226	100	785288.2226	108 
785.2929984	1	785292.9984	DIN1
785.3482202	100	785348.2202	109 
787.6502194	100	787650.2194	105 
787.8382188	100	787838.2188	106 
787.8429946	1	787842.9946	DIN1
787.8982165	100	787898.2165	109 
790.2002156	100	790200.2156	105 
790.3892208	100	790389.2208	106 
790.3930009	1	790393.0009	DIN1
790.4482227	100	790448.2227	109 
792.6512182	100	792651.2182	105 
792.8362202	100	792836.2202	106 
792.8400003	1	792840.0003	DIN1
792.8962179	100	792896.2179	109 
795.0982176	100	795098.2176	105 
795.2832197	100	795283.2197	106 
795.2869997	1	795286.9997	DIN1
795.3432173	100	795343.2173	109 
797.6442207	100	797644.2207	105 
797.8332159	100	797833.2159	107 
797.8379917	1	797837.9917	DIN1
797.8932236	100	797893.2236	109 
800.0952233	100	800095.2233	105 
800.2802153	100	800280.2153	106 
800.2839953	1	800283.9953	DIN1
800.340223	100	800340.223	109 
802.5422227	100	802542.2227	105 
802.7272147	100	802727.2147	106 
802.7309947	1	802730.9947	DIN1
802.7872224	100	802787.2224	109 
805.0892216	100	805089.2216	105 
805.277221	100	805277.221	106 
805.2809909	1	805280.9909	DIN1
805.3372186	100	805337.2186	109 
807.6392178	100	807639.2178	105 
807.8272172	100	807827.2172	107 
807.831993	1	807831.993	DIN1
807.8872149	100	807887.2149	109 
810.0892146	100	810089.2146	105 
810.2742166	100	810274.2166	107 
810.2789924	1	810278.9924	DIN1
810.3342143	100	810334.2143	109 
812.736223	100	812736.223	105 
812.9282155	100	812928.2155	106 
812.9319955	1	812931.9955	DIN1
812.9882232	100	812988.2232	109 
815.1892171	100	815189.2171	105 
815.3752149	100	815375.2149	106 
815.3789949	1	815378.9949	DIN1
815.4352226	100	815435.2226	109 
817.6362165	100	817636.2165	105 
817.8222143	100	817822.2143	106 
817.8259943	1	817825.9943	DIN1
817.882222	100	817882.222	109 
820.2832148	100	820283.2148	105 
820.4752174	100	820475.2174	108 
820.4789974	1	820478.9974	DIN1
820.5352151	100	820535.2151	109 
822.736219	100	822736.219	105 
822.9222168	100	822922.2168	106 
822.9259968	1	822925.9968	DIN1
822.9822145	100	822982.2145	109 
825.1842142	100	825184.2142	105 
825.3692162	100	825369.2162	108 
825.3729962	1	825372.9962	DIN1
825.4292239	100	825429.2239	109 
827.7312231	100	827731.2231	105 
827.9192225	100	827919.2225	106 
827.9229924	1	827922.9924	DIN1
827.9792201	100	827979.2201	109 
830.1812199	100	830181.2199	105 
830.3672176	100	830367.2176	106 
830.3699918	1	830369.9918	DIN1
830.4272153	100	830427.2153	109 
832.8282182	100	832828.2182	105 
833.0202208	100	833020.2208	107 
833.0240008	1	833024.0008	DIN1
833.0802184	100	833080.2184	109 
835.2822181	100	835282.2181	105 
835.4672202	100	835467.2202	106 
835.4699944	1	835469.9944	DIN1
835.5272178	100	835527.2178	109 
837.829217	100	837829.217	105 
838.0172164	100	838017.2164	108 
838.0209964	1	838020.9964	DIN1
838.0772241	100	838077.2241	109 
840.3792233	100	840379.2233	105 
840.5672227	100	840567.2227	106 
840.5709926	1	840570.9926	DIN1
840.6272203	100	840627.2203	109 
843.029219	100	843029.219	105 
843.2202157	100	843220.2157	107 
843.2239958	1	843223.9958	DIN1
843.2802234	100	843280.2234	109 
845.6832179	100	845683.2179	105 
845.8732188	100	845873.2188	106 
845.8769989	1	845876.9989	DIN1
845.9332165	100	845933.2165	109 
848.1352162	100	848135.2162	105 
848.3212241	100	848321.2241	108 
848.3239983	1	848323.9983	DIN1
848.3812217	100	848381.2217	109 
850.6822151	100	850682.2151	105 
850.8712203	100	850871.2203	106 
850.8739945	1	850873.9945	DIN1
850.931218	100	850931.218	109 
853.2332171	100	853233.2171	105 
853.4212165	100	853421.2165	106 
853.4240008	1	853424.0008	DIN1
853.4812142	100	853481.2142	109 
855.882217	100	855882.217	105 
856.0742196	100	856074.2196	106 
856.0769938	1	856076.9938	DIN1
856.1342173	100	856134.2173	109 
858.336217	100	858336.217	105 
858.521219	100	858521.219	106 
858.5239932	1	858523.9932	DIN1
858.5812167	100	858581.2167	109 
860.8832159	100	860883.2159	105 
861.0712153	100	861071.2153	106 
861.0739995	1	861073.9995	DIN1
861.131223	100	861131.223	109 
863.5342174	100	863534.2174	105 
863.7242184	100	863724.2184	107 
863.7279984	1	863727.9984	DIN1
863.784216	100	863784.216	109 
865.9872216	100	865987.2216	105 
866.1722236	100	866172.2236	106 
866.1749978	1	866174.9978	DIN1
866.2322213	100	866232.2213	109 
868.6332141	100	868633.2141	105 
868.8252167	100	868825.2167	106 
868.8280009	1	868828.0009	DIN1
868.8852143	100	868885.2143	109 
871.2862172	100	871286.2172	105 
871.4782198	100	871478.2198	106 
871.480994	1	871480.994	DIN1
871.5382174	100	871538.2174	109 
873.9402161	100	873940.2161	105 
874.1312229	100	874131.2229	108 
874.1339971	1	874133.9971	DIN1
874.1912205	100	874191.2205	109 
876.3922144	100	876392.2144	105 
876.5782223	100	876578.2223	106 
876.5809965	1	876580.9965	DIN1
876.6382199	100	876638.2199	109 
879.0402186	100	879040.2186	105 
879.2312153	100	879231.2153	106 
879.2339996	1	879233.9996	DIN1
879.291223	100	879291.223	109 
881.4932228	100	881493.2228	105 
881.6792206	100	881679.2206	106 
881.680999	1	881680.999	DIN1
881.7392182	100	881739.2182	109 
884.1402211	100	884140.2211	105 
884.3322237	100	884332.2237	108 
884.3349979	1	884334.9979	DIN1
884.3922213	100	884392.2213	109 
886.6942205	100	886694.2205	105 
886.8822199	100	886882.2199	107 
886.8849941	1	886884.9941	DIN1
886.9422176	100	886942.2176	109 
889.2442167	100	889244.2167	105 
889.4322161	100	889432.2161	106 
889.4339946	1	889433.9946	DIN1
889.4922238	100	889492.2238	109 
891.794223	100	891794.223	105 
891.9822224	100	891982.2224	106 
891.9849966	1	891984.9966	DIN1
892.0422201	100	892042.2201	109 
894.2442198	100	894244.2198	105 
894.4292218	100	894429.2218	106 
894.431996	1	894431.996	DIN1
894.4892195	100	894489.2195	109 
896.7912187	100	896791.2187	105 
896.979218	100	896979.218	106 
896.9819922	1	896981.9922	DIN1
897.0392157	100	897039.2157	109 
899.3412149	100	899341.2149	105 
899.5302201	100	899530.2201	106 
899.5319985	1	899531.9985	DIN1
899.5902178	100	899590.2178	109 
901.9922164	100	901992.2164	105 
902.1832232	100	902183.2232	106 
902.1849916	1	902184.9916	DIN1
902.2432209	100	902243.2209	109 
904.4442148	100	904444.2148	105 
904.6302226	100	904630.2226	106 
904.631991	1	904631.991	DIN1
904.6902203	100	904690.2203	109 
907.0912231	100	907091.2231	110 
909.55	55.729	909550	boundary
909.6404392	100	909640.4392	104 
909.6434366	100	909643.4366	105 
909.6474398	100	909647.4398	106 
909.6494414	100	909649.4414	109 
909.6689961	1	909668.9961	DIN1
912.0534416	100	912053.4416	105 
912.2374378	100	912237.4378	106 
912.244993	1	912244.993	DIN1
912.2974455	100	912297.4455	109 
914.5994447	100	914599.4447	105 
914.7874441	100	914787.4441	106 
914.7949993	1	914794.9993	DIN1
914.8474418	100	914847.4418	109 
917.149441	100	917149.441	105 
917.3374403	100	917337.4403	106 
917.3449955	1	917344.9955	DIN1
917.397438	100	917397.438	109 
919.7994366	100	919799.4366	105 
919.9904434	100	919990.4434	106 
919.9979986	1	919997.9986	DIN1
920.0504411	100	920050.4411	109 
922.3524403	100	922352.4403	105 
922.5404397	100	922540.4397	106 
922.5479949	1	922547.9949	DIN1
922.6004373	100	922600.4373	109 
924.8034429	100	924803.4429	105 
924.9884449	100	924988.4449	106 
924.9949943	1	924994.9943	DIN1
925.0484426	100	925048.4426	109 
927.4504412	100	927450.4412	105 
927.641438	100	927641.438	106 
927.6479974	1	927647.9974	DIN1
927.7014457	100	927701.4457	109 
930.002439	100	930002.439	105 
930.1914442	100	930191.4442	106 
930.1989994	1	930198.9994	DIN1
930.2514419	100	930251.4419	109 
932.6534405	100	932653.4405	105 
932.8444373	100	932844.4373	107 
932.8519925	1	932851.9925	DIN1
932.904445	100	932904.445	109 
935.3074394	100	935307.4394	105 
935.4974404	100	935497.4404	106 
935.5049956	1	935504.9956	DIN1
935.5574381	100	935557.4381	109 
937.9604425	100	937960.4425	105 
938.1504435	100	938150.4435	106 
938.1579987	1	938157.9987	DIN1
938.2104412	100	938210.4412	109 
940.5124404	100	940512.4404	105 
940.7014456	100	940701.4456	108 
940.7079949	1	940707.9949	DIN1
940.7614432	100	940761.4432	109 
942.9624371	100	942962.4371	105 
943.148445	100	943148.445	106 
943.1549943	1	943154.9943	DIN1
943.2084426	100	943208.4426	109 
945.5104418	100	945510.4418	105 
945.6984412	100	945698.4412	106 
945.7050006	1	945705.0006	DIN1
945.7584389	100	945758.4389	109 
948.0594423	100	948059.4423	105 
948.2484374	100	948248.4374	107 
948.2559926	1	948255.9926	DIN1
948.3084452	100	948308.4452	109 
950.5104449	100	950510.4449	105 
950.6954368	100	950695.4368	106 
950.7019962	1	950701.9962	DIN1
950.7554446	100	950755.4446	109 
952.9574443	100	952957.4443	105 
953.1424463	100	953142.4463	108 
953.1499914	1	953149.9914	DIN1
953.202444	100	953202.444	109 
955.4054394	100	955405.4394	105 
955.5894457	100	955589.4457	106 
955.595995	1	955595.995	DIN1
955.6494434	100	955649.4434	109 
957.8524388	100	957852.4388	105 
958.0364451	100	958036.4451	107 
958.0440003	1	958044.0003	DIN1
958.0964428	100	958096.4428	109 
960.4994372	100	960499.4372	105 
960.690444	100	960690.444	106 
960.6969933	1	960696.9933	DIN1
960.7504416	100	960750.4416	109 
963.0524408	100	963052.4408	105 
963.2404402	100	963240.4402	106 
963.2469996	1	963246.9996	DIN1
963.3004379	100	963300.4379	109 
965.7014407	100	965701.4407	105 
965.8934433	100	965893.4433	107 
965.8999927	1	965899.9927	DIN1
965.953441	100	965953.441	109 
968.2554402	100	968255.4402	105 
968.4434395	100	968443.4395	108 
968.449999	1	968449.999	DIN1
968.5034372	100	968503.4372	109 
970.7054369	100	970705.4369	105 
970.8904389	100	970890.4389	106 
970.8969984	1	970896.9984	DIN1
970.9504366	100	970950.4366	109 
973.3524453	100	973352.4453	105 
973.5434421	100	973543.4421	106 
973.5499914	1	973549.9914	DIN1
973.6034397	100	973603.4397	109 
975.8054394	100	975805.4394	105 
975.9914372	100	975991.4372	108 
975.9970009	1	975997.0009	DIN1
976.0504391	100	976050.4391	109 
978.4524378	100	978452.4378	105 
978.6444403	100	978644.4403	106 
978.6499939	1	978649.9939	DIN1
978.704438	100	978704.438	109 
981.0064372	100	981006.4372	105 
981.1944366	100	981194.4366	106 
981.2000002	1	981200.0002	DIN1
981.2544443	100	981254.4443	109 
983.5554376	100	983555.4376	105 
983.7444428	100	983744.4428	106 
983.7499964	1	983749.9964	DIN1
983.8044405	100	983804.4405	109 
986.1064397	100	986106.4397	105 
986.2944391	100	986294.4391	106 
986.2999927	1	986299.9927	DIN1
986.3544367	100	986354.4367	109 
988.656446	100	988656.446	105 
988.8444454	100	988844.4454	108 
988.8509947	1	988850.9947	DIN1
988.904443	100	988904.443	109 
991.1074385	100	991107.4385	105 
991.2914448	100	991291.4448	107 
991.2979941	1	991297.9941	DIN1
991.3514424	100	991351.4424	109 
993.5534421	100	993553.4421	105 
993.7384442	100	993738.4442	106 
993.7449935	1	993744.9935	DIN1
993.7984418	100	993798.4418	109 
996.100441	100	996100.441	105 
996.2894462	100	996289.4462	106 
996.2949998	1	996294.9998	DIN1
996.3494439	100	996349.4439	109 
998.5514436	100	998551.4436	105 
998.7364456	100	998736.4456	106 
998.7419992	1	998741.9992	DIN1
998.7964433	100	998796.4433	109 
1000.998443	100	1000998.443	105 
1001.183445	100	1001183.445	106 
1001.188999	1	1001188.9986	DIN1
1001.243443	100	1001243.4427	109 
1003.545442	100	1003545.4419	105 
1003.733441	100	1003733.4412	106 
1003.738995	1	1003738.9948	DIN1
1003.793439	100	1003793.4389	109 
1005.995439	100	1005995.4386	105 
1006.180441	100	1006180.4406	106 
1006.185994	1	1006185.9942	DIN1
1006.240438	100	1006240.4383	109 
1008.542437	100	1008542.4375	105 
1008.730437	100	1008730.4369	106 
1008.736001	1	1008736.0005	DIN1
1008.790445	100	1008790.4446	109 
1010.992444	100	1010992.4443	105 
1011.177436	100	1011177.4363	107 
1011.183996	1	1011183.9957	DIN1
1011.237444	100	1011237.444	109 
1013.439444	100	1013439.4437	105 
1013.624446	100	1013624.4457	108 
1013.630995	1	1013630.9951	DIN1
1013.684443	100	1013684.4434	109 
1015.986443	100	1015986.4426	105 
1016.175438	100	1016175.4377	108 
1016.180991	1	1016180.9913	DIN1
1016.235445	100	1016235.4454	109 
1018.637444	100	1018637.4441	105 
1018.828441	100	1018828.4408	108 
1018.833994	1	1018833.9944	DIN1
1018.888439	100	1018888.4385	109 
1021.289441	100	1021289.4414	105 
1021.481444	100	1021481.444	106 
1021.486998	1	1021486.9975	DIN1
1021.541442	100	1021541.4416	109 
1023.94344	100	1023943.4403	105 
1024.134437	100	1024134.437	107 
1024.140001	1	1024140.0007	DIN1
1024.194445	100	1024194.4447	109 
1026.39744	100	1026397.4402	105 
1026.581436	100	1026581.4364	107 
1026.587	1	1026587.0001	DIN1
1026.641444	100	1026641.4441	109 
1029.043443	100	1029043.4428	105 
1029.23444	100	1029234.4395	106 
1029.239993	1	1029239.9931	DIN1
1029.294437	100	1029294.4372	109 
1031.596436	100	1031596.4364	105 
1031.785442	100	1031785.4416	106 
1031.789999	1	1031789.9994	DIN1
1031.845439	100	1031845.4392	109 
1034.247438	100	1034247.4379	105 
1034.438445	100	1034438.4447	106 
1034.442992	1	1034442.9924	DIN1
1034.498442	100	1034498.4423	109 
1036.699446	100	1036699.4463	105 
1036.885444	100	1036885.4441	106 
1036.889992	1	1036889.9918	DIN1
1036.945442	100	1036945.4417	109 
1039.147441	100	1039147.4415	105 
1039.332443	100	1039332.4435	106 
1039.336991	1	1039336.9912	DIN1
1039.392441	100	1039392.4411	109 
1041.69444	100	1041694.4403	105 
1041.88244	100	1041882.4397	106 
1041.886998	1	1041886.9975	DIN1
1041.942437	100	1041942.4374	109 
1044.34344	100	1044343.4402	105 
1044.535443	100	1044535.4428	106 
1044.540001	1	1044540.0006	DIN1
1044.59544	100	1044595.4405	109 
1046.79744	100	1046797.4402	105 
1046.982442	100	1046982.4422	108 
1046.987996	1	1046987.9958	DIN1
1047.04244	100	1047042.4399	109 
1049.344439	100	1049344.4391	105 
1049.533444	100	1049533.4443	106 
1049.537992	1	1049537.992	DIN1
1049.593442	100	1049593.4419	109 
1051.994445	100	1051994.4448	105 
1052.186437	100	1052186.4373	107 
1052.190995	1	1052190.9952	DIN1
1052.246445	100	1052246.4451	109 
1054.647438	100	1054647.4379	105 
1054.83944	100	1054839.4404	106 
1054.843998	1	1054843.9983	DIN1
1054.899438	100	1054899.4381	109 
1057.100442	100	1057100.4421	105 
1057.28644	100	1057286.4398	106 
1057.290998	1	1057290.9977	DIN1
1057.346438	100	1057346.4375	109 
1059.548437	100	1059548.4372	105 
1059.733439	100	1059733.4392	106 
1059.737997	1	1059737.9971	DIN1
1059.793437	100	1059793.4369	109 
1061.996442	100	1061996.4425	105 
1062.180439	100	1062180.4386	106 
1062.184996	1	1062184.9965	DIN1
1062.240436	100	1062240.4363	109 
1064.443442	100	1064443.4419	105 
1064.627438	100	1064627.438	106 
1064.631996	1	1064631.9959	DIN1
1064.687446	100	1064687.4458	109 
1066.989445	100	1066989.445	105 
1067.177444	100	1067177.4443	107 
1067.182998	1	1067182.9979	DIN1
1067.237442	100	1067237.442	109 
1069.640436	100	1069640.4364	105 
1069.831443	100	1069831.4432	106 
1069.834995	1	1069834.9952	DIN1
1069.891441	100	1069891.4409	109 
1072.092445	100	1072092.4448	105 
1072.278443	100	1072278.4426	106 
1072.281995	1	1072281.9946	DIN1
1072.33844	100	1072338.4403	109 
1074.639444	100	1074639.4437	105 
1074.828439	100	1074828.4388	108 
1074.832997	1	1074832.9967	DIN1
1074.888437	100	1074888.4365	109 
1077.190446	100	1077190.4457	105 
1077.378445	100	1077378.4451	106 
1077.381997	1	1077381.9971	DIN1
1077.438443	100	1077438.4428	109 
1079.639437	100	1079639.4367	105 
1079.825445	100	1079825.4445	108 
1079.829992	1	1079829.9923	DIN1
1079.885442	100	1079885.4422	109 
1082.087442	100	1082087.4419	105 
1082.272444	100	1082272.4439	106 
1082.276992	1	1082276.9917	DIN1
1082.332442	100	1082332.4416	109 
1084.534441	100	1084534.4413	105 
1084.719443	100	1084719.4433	106 
1084.723991	1	1084723.9911	DIN1
1084.779441	100	1084779.441	109 
1087.182445	100	1087182.4455	105 
1087.373442	100	1087373.4422	107 
1087.376994	1	1087376.9942	DIN1
1087.43344	100	1087433.4399	109 
1089.634444	100	1089634.4438	105 
1089.820442	100	1089820.4416	107 
1089.823994	1	1089823.9936	DIN1
1089.880439	100	1089880.4393	109 
1092.081443	100	1092081.4432	105 
1092.267441	100	1092267.441	108 
1092.270993	1	1092270.993	DIN1
1092.327439	100	1092327.4387	109 
1094.729437	100	1094729.4373	105 
1094.920444	100	1094920.4441	106 
1094.923996	1	1094923.9961	DIN1
1094.980442	100	1094980.4418	109 
1097.381445	100	1097381.4447	105 
1097.573437	100	1097573.4372	106 
1097.576999	1	1097576.9992	DIN1
1097.633445	100	1097633.4449	109 
1099.935444	100	1099935.4441	105 
1100.123443	100	1100123.4435	106 
1100.126995	1	1100126.9955	DIN1
1100.183441	100	1100183.4411	109 
1102.58544	100	1102585.4398	105 
1102.776437	100	1102776.4365	106 
1102.779999	1	1102779.9986	DIN1
1102.836444	100	1102836.4442	109 
1105.038444	100	1105038.444	105 
1105.224442	100	1105224.4417	106 
1105.226998	1	1105226.998	DIN1
1105.284439	100	1105284.4394	109 
1107.486439	100	1107486.4391	105 
1107.671441	100	1107671.4411	106 
1107.673997	1	1107673.9974	DIN1
1107.731439	100	1107731.4388	109 
1110.132442	100	1110132.4417	105 
1110.324444	100	1110324.4443	106 
1110.327996	1	1110327.9962	DIN1
1110.384442	100	1110384.4419	109 
1112.685445	100	1112685.4453	105 
1112.87444	100	1112874.4405	106 
1112.877992	1	1112877.9925	DIN1
1112.934438	100	1112934.4381	109 
1115.336437	100	1115336.4368	105 
1115.527444	100	1115527.4436	106 
1115.530996	1	1115530.9956	DIN1
1115.587441	100	1115587.4413	109 
1117.88944	100	1117889.4404	105 
1118.07744	100	1118077.4398	106 
1118.080992	1	1118080.9918	DIN1
1118.137437	100	1118137.4375	109 
1120.539446	100	1120539.4462	105 
1120.731439	100	1120731.4387	107 
1120.735001	1	1120735.0008	DIN1
1120.790441	100	1120790.4406	109 
1123.093446	100	1123093.4456	105 
1123.281445	100	1123281.445	107 
1123.284997	1	1123284.997	DIN1
1123.341443	100	1123341.4427	109 
1125.742446	100	1125742.4455	105 
1125.934438	100	1125934.438	106 
1125.936994	1	1125936.9943	DIN1
1125.994446	100	1125994.4458	109 
1128.395439	100	1128395.4386	105 
1128.587441	100	1128587.4412	106 
1128.589997	1	1128589.9974	DIN1
1128.647439	100	1128647.4388	109 
1130.949438	100	1130949.438	105 
1131.137437	100	1131137.4374	108 
1131.140999	1	1131140.9994	DIN1
1131.197445	100	1131197.4451	109 
1133.599444	100	1133599.4437	105 
1133.79044	100	1133790.4405	106 
1133.792997	1	1133792.9967	DIN1
1133.850438	100	1133850.4382	109 
1136.053444	100	1136053.4437	105 
1136.23744	100	1136237.4399	108 
1136.240992	1	1136240.9919	DIN1
1136.297438	100	1136297.4376	109 
1138.599437	100	1138599.4367	105 
1138.788442	100	1138788.442	106 
1138.790998	1	1138790.9982	DIN1
1138.84844	100	1138848.4396	109 
1141.050439	100	1141050.4393	105 
1141.235441	100	1141235.4414	106 
1141.237998	1	1141237.9976	DIN1
1141.295439	100	1141295.439	109 
1143.497439	100	1143497.4387	105 
1143.682441	100	1143682.4408	106 
1143.684997	1	1143684.997	DIN1
1143.742438	100	1143742.4384	109 
1146.143441	100	1146143.4413	105 
1146.335444	100	1146335.4439	106 
1146.338	1	1146338.0001	DIN1
1146.395442	100	1146395.4415	109 
1148.697441	100	1148697.4407	105 
1148.88544	100	1148885.4401	108 
1148.887996	1	1148887.9963	DIN1
1148.945438	100	1148945.4378	109 
1151.347436	100	1151347.4364	105 
1151.538443	100	1151538.4432	106 
1151.540999	1	1151540.9994	DIN1
1151.598441	100	1151598.4409	109 
1153.800441	100	1153800.4406	105 
1153.985443	100	1153985.4426	107 
1153.988995	1	1153988.9946	DIN1
1154.04544	100	1154045.4403	109 
1156.347439	100	1156347.4394	105 
1156.536445	100	1156536.4447	108 
1156.539001	1	1156539.0009	DIN1
1156.596442	100	1156596.4423	109 
1158.997445	100	1158997.4452	105 
1159.189438	100	1159189.4377	106 
1159.190998	1	1159190.9982	DIN1
1159.249445	100	1159249.4454	109 
1161.551445	100	1161551.4446	105 
1161.739444	100	1161739.444	106 
1161.740994	1	1161740.9944	DIN1
1161.799442	100	1161799.4417	109 
1164.101441	100	1164101.4408	105 
1164.28944	100	1164289.4402	107 
1164.291996	1	1164291.9964	DIN1
1164.349438	100	1164349.4379	109 
1166.750441	100	1166750.4408	105 
1166.942443	100	1166942.4433	106 
1166.945	1	1166944.9996	DIN1
1167.002441	100	1167002.441	109 
1169.205436	100	1169205.4365	105 
1169.389443	100	1169389.4427	106 
1169.391999	1	1169391.999	DIN1
1169.44944	100	1169449.4404	109 
1171.75144	100	1171751.4396	105 
1171.940445	100	1171940.4448	106 
1171.941995	1	1171941.9952	DIN1
1171.999437	100	1171999.4366	109 
1174.202442	100	1174202.4422	105 
1174.387444	100	1174387.4442	106 
1174.388995	1	1174388.9946	DIN1
1174.447442	100	1174447.4419	109 
1176.648446	100	1176648.4458	105 
1176.834444	100	1176834.4436	106 
1176.835994	1	1176835.994	DIN1
1176.894441	100	1176894.4413	109 
1179.195445	100	1179195.4447	105 
1179.38444	100	1179384.4398	106 
1179.386	1	1179386.0003	DIN1
1179.444437	100	1179444.4375	109 
1181.846446	100	1181846.4462	105 
1182.037443	100	1182037.4429	106 
1182.038993	1	1182038.9933	DIN1
1182.097441	100	1182097.4406	109 
1184.29944	100	1184299.4403	105 
1184.484442	100	1184484.4423	107 
1184.486999	1	1184486.9986	DIN1
1184.54444	100	1184544.44	109 
1186.946439	100	1186946.4386	105 
1187.137445	100	1187137.4454	106 
1187.138996	1	1187138.9958	DIN1
1187.197443	100	1187197.4431	109 
1189.600438	100	1189600.4375	105 
1189.790438	100	1189790.4385	106 
1189.791999	1	1189791.9989	DIN1
1189.850446	100	1189850.4462	109 
1192.252445	100	1192252.4449	105 
1192.444437	100	1192444.4374	108 
1192.445998	1	1192445.9978	DIN1
1192.504445	100	1192504.4451	109 
1194.805438	100	1194805.4385	105 
1194.994444	100	1194994.4437	108 
1194.995994	1	1194995.9941	DIN1
1195.054441	100	1195054.4413	109 
1197.455444	100	1197455.4442	105 
1197.647437	100	1197647.4367	107 
1197.648997	1	1197648.9972	DIN1
1197.707444	100	1197707.4444	109 
1200.009444	100	1200009.4436	105 
1200.197443	100	1200197.443	106 
1200.198993	1	1200198.9934	DIN1
1200.257441	100	1200257.4407	109 
1202.55944	100	1202559.4398	105 
1202.747439	100	1202747.4392	106 
1202.749	1	1202748.9997	DIN1
1202.807437	100	1202807.4369	109 
1205.209446	100	1205209.4456	105 
1205.400442	100	1205400.4423	106 
1205.401993	1	1205401.9927	DIN1
1205.46044	100	1205460.44	109 
1207.862439	100	1207862.4386	105 
1208.054441	100	1208054.4412	106 
1208.054996	1	1208054.9958	DIN1
1208.114439	100	1208114.4389	109 
1210.316439	100	1210316.4386	105 
1210.501441	100	1210501.4406	106 
1210.501995	1	1210501.9952	DIN1
1210.561438	100	1210561.4383	109 
1212.862442	100	1212862.4417	105 
1213.051437	100	1213051.4369	106 
1213.051991	1	1213051.9915	DIN1
1213.111445	100	1213111.4446	109 
1215.413444	100	1215413.4438	110 
1216.801	732.104	1216801	boundary
1216.899174	100	1216899.1739	119 
1248.413175	100	1248413.1751	666 
1324.412169	100	1324412.1695	666 
1345.412166	100	1345412.1662	666 
